date,content,score
1615974767,"Aaaand.... down we go. At this rate, I'm going to become an alcohodlic",10
1615981219,Looks like STMX is the CHZ of this week ğŸš€,10
1616004603,"BEPRO is actually a great real project, and they are making moves. I'm very interested to see where it goes. It might be a CHZ pt.2 or even bigger. If interested, now is probably a good time to buy in. ğŸ¤” https://www.bepro.network/post/bepro-network-announces-nft-factory-codebase",9
1615946972,"MDX, which is the native token for Mandala Exchange, backed by Binance Cloud. More info here: https://www.reddit.com/r/SatoshiStreetBets/comments/m6j3zr/mandala_exchange_token_mdx_second_chance_for_bnb/",8
1615947841,ADA will be huge once stim checks are out,9
1615979308,STORM X!,8
1615947464,ADA time folks!,7
1615947998,"hoge awakening from the bottom, just saying.",7
1615951671,ADA baby. Itâ€™s literally about to pop,8
1615961703,CHZ to $1 ğŸ‘ğŸ¼,7
1616010345,Am I the only one who checks the prices every 37 seconds!?ğŸ‘€ğŸ˜ğŸ˜‚ğŸ˜­ğŸ˜­,7
1615970254,$Grumpy,7
1615975909,"Geez, I hope bepro comes back!",6
1615989471,perfect time to buy the dip on ONE,5
1615995000,$CHZ ...buy the news â˜ï¸â¤ï¸,7
1616001310,"Get ada today for a potential increase since its listed to go up tomorrow on coinbase.   Also, is BTT dead ? Or still potential in rising? I ask cause I have 3million of those things lol I used to love utorrent",6
1616004928,ADA??,5
1616010793,If Cardano hits 2 USD tomorrow I will tell my wife that I will hedge our marriage with a side chick,7
1616014423,"I see a straight line up for ADA and dark, looks like it left earth. Excited!!",7
1616016653,ADA is like blowjob without happy end!,6
1616017221,Ada to moonğŸš€,6
1616022584,"To those that foresee the  advent of ADA on Coinbase as the event that will break the hitherto unbreached supra-2$ mark for ADA I will remind them that Ada Lovelace had a difficult, frustrating  and tragic life. That 70M  sell wall  the market has been trying to cross for months now was erected by a secret group of ADA whales from within IOHK as a testament to her troubled journey through life. The team behind its construction refer to it as the ""Wall of Tears"" an epithet whose appropriateness  can be attested to by any that have attempted to scale its  dizzying heights.  Today it  looks down on the ravening hordes that Coinbase will soon unleash, chuckles softly and in a low raspy whisper says ""Bring it!"" Etched at the wall's base is a barely legible, blood-spattered inscription in Old Norse that, loosely translated, reads  ""I am created Kraxos, shatterer of Bullish dreams, bringer of crimson rain, gaze upon my unassailable might and tremble"" (Just in case you missed it, the ""Bullish dreams"" mentioned are a double entendre referring both to, any silly aspirational Bullish trends you might harbor, and the gold Bull on black field that adorns the crest of house Lamborghini, while the ""Crimson Rain"" alludes both to the inevitable blood letting that must ensue as well as the torrent of crimson candles that has followed every campaign to take her lofty  summit). An epic battle is about to be joined, and despite the spectre of defeat looming large, my banner flies with the invading force. May the saints preserve our Tether and the gods see fit to grant us this long prophesied victory. Once more unto the breach dear friends, Once more! [https://youtu.be/VOOZDO5KDv4?t=34](https://youtu.be/VOOZDO5KDv4?t=34)",6
1615943301,GRUMPY cat! It's surging! Very early and it has charitable ties! For the animals <3,16
1615948935,"tomorrow's winner's starting now (if you know how to follow +/-% starting now, instead of 24hrs ago) will be..  *drum roll*  enj, hnt, mana, vet, and hbar..",5
1615949136,BATs still running with the bulls. Y'all are crazy to be taking profits at 1.16.,4
1615949426,sparta who? what?  i think i saw that movie...,6
1615949681,"Thereâ€™s only 3 guarantees in life taxes, death and STMX to the moon",5
1615955102,STRM X! Itâ€™s not too late 10 cents soon!!!,5
1615961620,AdağŸ’ª,5
1615969839,ONE?? MOON PLEASE,4
1615973090,Hoge discount!,4
1615975940,The trick of daytrading bitcoin is not to trade bitcoin itself. Find some altcoin that is tracing the moves with more volatile action. For instance right now MANA almost plays like a 5x leveraged bitcoin fund. ETH is often 2x. By trading bigger moves you take less risk and pay less fees and can multiply your capital faster.,5
1615985166,CHZ going back up again,5
1615986386,Mighty fine early spike CHZ,5
1615987352,$CHzğŸš€ğŸš€â¤ï¸â¤ï¸,6
1615994688,$CHZ is on Fire ğŸ”¥ğŸš€â¤ï¸,5
1615999744,One is leaving the station!!!!!,4
1616000765,Harmony One going to 0.1 again..,5
1616003021,Mana is going to the moon! Better hop on before itâ€™s too late...anyone who reads about it and doesnâ€™t invest either is illiterate or broke! Could be the best thing of the next ten years!! First Atari believed and now Nintendo and Sony behind it! I will keep buying the dips,5
1616005601,Grayscale added MANA.,6
1616007480,Mana!!!!! The ğŸ˜ğŸ˜ğŸ˜,6
1616008872,Harmony One is counting down...,5
1616015374,ADA. Obviously.,5
1616015925,10ct more and we have taken the next step! ADA,5
1616016331,Just added more fuel to the $ADA rocket. Lets goo!ğŸš€ğŸš€ğŸš€,4
1616018039,Looks like ADA will need the full Coinbase crowd to break that sell wall up to 1.50. Just watched over $200M of trading in 30 mins only shift $5M of the $41M wall. Itâ€™s going to take some shifting ğŸ˜‚,6
1616024626,"Hoge ama tomorrow, includes a giveaway   [https://www.instagram.com/p/CMicj6Sl390/?igshid=vn1hpfsx9pvp](https://www.instagram.com/p/CMicj6Sl390/?igshid=vn1hpfsx9pvp)",4
1616025015,Anyone who doubted ada or didnt get in earlier . .  Just pay attention and people believe this is only the beginning.  Long term hold ğŸ¤,6
1616027143,ENJğŸğŸ“ˆğŸš€,6
1616027441,ENJ up 10cents last 15min ğŸ”¥ğŸğŸš€ğŸš€ğŸš€,4
1615945554,$GRUMPY unbelievable potential to give you a lot of gains in combination with doing charity! and its so early still!!!,12
1615945100,Is there a sub for $GRUMPY?,12
1615946560,STMX ğŸŒšğŸŒ,4
1615947858,"Take a look at MDX, which is the native token for Mandala Exchange, backed by Binance Cloud. 2ndChanceBNB  ğŸš€",5
1615948806,Stmx ath.  Going back up,5
1615951273,BATMAN,5
1615951365,Well i feel stupid. I bought bepro at .04. I shoulda waited for a dip. ğŸ¤¦ğŸ»,4
1615957232,"Grumpy my dudes, +12k on a 500 investment",4
1615957234,$GRUMPY yoloâ€™d itâ€™s paying off. Undersold myself on a Hashmask NFT to up my ETH count and threw that in there. About to go to bed - hopefully I can buy a bunch of Hashmasks in the morning ğŸ¤‘,4
1615962200,"Here we go ada, fingers crossed",3
1615966499,"Grumpy is going ballistic, with a charity initiative behind them. Thoughts? Good time to get in? I'm quite tempted to oull the trigger",4
1615970053,"Sad Cat Token will make us rich, dont miss this oportunity!",4
1615971383,FEG and SHIBA ğŸ¦ğŸ¦Š,5
1615973414,"sigh, mana.  We had a great love affair going, but now all you do is lay on the edge of the bed and vomit everytime I check you, you're drunk Mana, its time to get some help",4
1615975024,All these dips... But already spent my budget for the month x.x,5
1615976915,Is there any hope for bnb :(,5
1615982627,Chz ğŸ‘ or Ada,5
1615984384,Thoughts on Matic? It has been on a steady run by the looks of it. What do you guys think?,4
1615985778,SKL is flying under the radar.,4
1615985921,get on ZIL rocket,5
1615986919,Chiliz ğŸŒ¶to the moon!!! ğŸš€,4
1615986945,MANA and CHZ have already made my day,3
1615989923,Dayyum the BAT i got from the Brave browser is worth a much prettier penny now lol,4
1615990482, last chance to get on board! think that ADA will go very high ğŸš€ğŸš€ğŸš€ in the next 20 hours!,4
1615992147,CHZ next stop $1. Half price sale rn ğŸ”¥,5
1615993175,"I donâ€™t get why everyone keeps trying to get people to buy Bitcoin. I have made more money off MANA in the past two months buying and sell dips than I ever could have off Bitcoin in the last year. Bitcoin might go up 100% in the new year but I think coins like MANA, Uniswap, BAT, and ALGO just name a few will increase by 2x, 5x, or even 10x. There are so many new crypto currencyâ€™s coming out everyday that someone with not a lot of money will be happier owning 185 coins vs .0185 coin",4
1615993178,seems that ADA can hold 1.24$ so the next step must be ATH!,5
1615994338,Noting like starting Saint Patty's day with some huge green dildos ğŸŒµ,3
1616002407,ğŸš€$CHZ ğŸ¥°,5
1616003925,BAT going rnğŸ“ˆ,5
1616004075,Iâ€™m Excited for ADA tommorow,4
1616007537,XML stellar now on Roth IRA and 401k with iTrustCapital. https://www.google.com/amp/s/amp.benzinga.com/amp/content/20196665,4
1616013711,"**SafePal (SFP)** and  why I  put money in? \---------------------------------------------------- I think there is a lot of space for growth. Why I am thinking that way: \- rank on Coinmarketcap: **#234**, \- total supply: **500.000.000** (circulating supply 108,166,667 22%), \- backed by **Binance**, \- hardware and software wallet, \- similar projects: SwissBorg (#63) and Celsius (#71), \- **SafePal Wealth** (platform) \- Huge ecosystem since Binance is in the game \- **SafePal Earn - yields** (coming soon Q1 2021) Website: [https://www.safepal.io/](https://www.safepal.io/) I want to hear your opinion! Sincerely.",4
1616015160,ADA pinging out of the gates when a market wakes up. London 6-8am spike. Australasian 6-8am spike,5
1616017085,Has anyone got on STMX? Looks like there could be potential in that project,4
1616025262,"Xlm yesterday now intigraded with iTrustcapital for Roth IRA and 401k. Cardano has a meeting with African government to finalize a big contract for using Ada network. Xlm and Aave creators will also be at the meeting. Remember Xlm deals with wire transferring making it thousands of times faster per transaction for cross boarder payments and just payments in general. Send Xlm to your Coinbase cold wallet and see, then try ethereum or bitcoin and youâ€™ll see the difference in speed and transaction coasts. USDC stable coin partnered with Xlm. so stable coins are backed by 1$:1 USDC coin no, fluctions in price. No volatility. Aave is your decentralized finance system. So you donâ€™t need a bank! You earn apy intrest and can lend crypto out with one another. Also remember cardano Ada had their people live in Africa for 2 years figuring out how to bank the unbanked. Yo this thing is gonna be huge.",4
1616025417,"I was gonna say, makes more sense now. ADA has a lovely staircase to heaven...",4
1616026407,So ADA gonna rip tomorrow?,3
1616027915,VET been creeping upğŸ‘€,4
1616028227,ENJ creeping,5
1615945482,HOGE. POODLE. GRUMPY.,9
1615981599,Wow woke up with an erect STMX,8
1616016092,That ADA graph thoğŸ“ˆğŸ“ˆğŸ“ˆ,9
1615944000,CZ gave a great discussion on $sparta:  www.youtube.com/watch?time\_continue=4610&v=8vg-6mMdHYo&feature=emb\_logo,3
1615949300,$sparta,3
1615949721,start re-accumulating enj 250ish for thurs/fri night rally...,3
1615951248,"so while ada stagnates around 120, again, i am meanwhile making 2-3% on all kinds of stuff..  lol",3
1615957357,Woke up this morning to find ADA is making a comeback.... But STMX is up 67pc on USDT As I write this... WOOHOO! Anyone read what's driving that today?,3
1615957899,Anyone know what causes ADA to be in the holder pattern itâ€™s been in for the last hour or so? Like staying within three hundredth percent of a cent.,3
1615960965,"Ada going up again,any news on upcoming events in ada?",3
1615961771,i actually have a buy sitting for ada at 1.067 for $67...,3
1615963131,The volume on grumpy!! Wow. Just like BEPRO the other day. 5-10x more near term from here?,3
1615966798,"STMX is mooning. From .019 to .03 today. Just a heads up.m, it hit .036 ATH.",3
1615967303,Grumpy ğŸ˜¾,3
1615967349,"$Grumpy on my tombstone! Great community and supporting a great cause. Win, win!",3
1615967828,STRM X!,3
1615972844,ENJis on sale ğŸ¤©,3
1615973980,"Scat: don't be an idiot like me. Bought yesterday at .00010, sold with loss cause I thought nobody would buy. Now it's already at .00017.",3
1615975566,Loading my bags to the top with HARMONY ONE $$,3
1615976604,if Yur lookiN to play with something... CHZ is a great buy in option rn,3
1615980195,"So, hopefully Bitcoin will soon dump down to 52k or even 50k. Its a bit boring currently. Waiting for a turning point for massive rebound... ğŸ˜‰",3
1615983765,$1500 in Sad Cat (SCAT) last evening at 5pm EDT is $6578 right now at 8:22am EDT. Puurdy sexy start to the day.,3
1615984640,Why is chz hitting rockbottomğŸ˜­,3
1615985004,hoge crashing so hard,3
1615985055,Oh no what's happening to you hoge you naughty girl.,3
1615985058,Zil has been slaying,3
1615985344,I hope everyone has been patient with CHZ - I was scared too but this is too great a project to lose on. News regarding F1 is being discussed so fingers crossed price returns!,3
1615985372,Zil train boyssss; letâ€™s get this donkay on the roaaaad,3
1615985668,$SNFT is where itâ€™s at!,3
1615985888,All aboard litecoin. $240 - $296usd incoming,3
1615986227,Why is no one talking about ada now,3
1615987797,Mana and Chz ğŸš€,3
1615990750,Big news for VET and VTHO!!!@ https://twitter.com/vechainofficial/status/1372185241083813896?s=19,3
1615994271,"I would suggest everyone to listen to Benjamin Cowan on Youtube, I have been in this space for 6 years now, and Benjamin has the most advanced and technically correct Crypto information on Youtube. [https://www.youtube.com/channel/UCRvqjQPSeaWn-uEx-w0XOIg](https://www.youtube.com/channel/UCRvqjQPSeaWn-uEx-w0XOIg)",3
1615994315,"CHZ, aaaand she is back baby!!ğŸ”¥ğŸ”¥",3
1615994656,For the noobs wondering which alts https://www.globenewswire.com/news-release/2021/03/17/2194615/0/en/Grayscale-Investments-Launches-Five-New-Investment-Trusts.html,3
1615996215,STMX ğŸš€ğŸš€ğŸš€ğŸš€ğŸš€ğŸš€ğŸš€ğŸš€,3
1616000359,Loaded up on Harmony ğŸŒ,3
1616004252,Looking to invest in something that will drop at least 90% after I buy it any suggestions?,3
1616005329,HBAR and XTZ ğŸ“ˆ going up,3
1616006124,"what is it with BAT??? is like everybody (less me) agrees on one coin and goes to the sky, is there at least an explanation for BAT price",3
1616006490,"There's a lot going on in the world of alts, VRA was flying the other day made a lot of people a lot of money! I had a good stash and made a very good % gain. If your looking for another one about to shoot is $EFX it's my hidden gem, it's already on the way up! It's done x5 for me already and there's a lot more to come. I think short and long term it's a money maker, have a look at the project for yourself and see what you think. But the team have a history of success and are very open with the updates. They've got some big plans - but DYOR!",3
1616007157,Hope everyone has their portfolios ready for take off! Looks like btc is starting the engines so everyone will follow!,3
1616009129,ADA bump today before the bump tomorrow morning?,3
1616009150,This sub is 90% toss .... but the other 10% is fucking awesome I swear to god. Iâ€™ve learned so much these last few months.  To the 10%ers ... thank you for helping me to stem my losses.,3
1616010169,"Got me some ENJ, MANA, CHZ, ONE, VET, ADAğŸ¤. But I Feel like Iâ€™m missing a coin thatâ€™s about to take off...ğŸ¤”",3
1616010283,CHR seems active recently. Got my eye on EFX & BEPRO alsoğŸ‘€,3
1616010426,Crossing my fingers ğŸ¤ we all see green today hopefully!ğŸ“ˆ cmon Bitcoin! Get to that 58 then run up to 60+ğŸš€ğŸš€ğŸš€,3
1616010538,XLM has been quiet lately. I wouldn't be surprised if it unexpectedly shoots up out of the blue.,3
1616010601,BAT developing another bull flag. Should retest 1.30 soon,3
1616013572,Add 20 cents to ADA's price. Let's get to it.,3
1616014200,"I am looking at MATIC, is it a safe buy?  Come end of the year where do you think it will be?",3
1616014232,ALGO crossed resistance...I'm expecting a spike,3
1616014362,Harmony ONE be roaring today!,3
1616015324,$CHZ the Good coin ğŸ˜,3
1616015492,Nice to see RSR moving,3
1616025634,Looks like STMX is on the move again up 18% in the last hour and Twitter volume is through the roof right now,3
1616026276,is ADA a good buy rn?,3
1615959034,Can someone ban Sheila,6
1615956892,"Grumpy cat is going crazy, I'm about to throw more into it. It's like getting in on Hoge early, but you're helping cats in need while investing! That's just classy.",4
1615975185,Loading the f up on HOGE!,4
1615980151,"Only ada, moonshot is comming tomorow. Moonshot is comming",5
1615989521,$HOGE to the moon! #lossporn,6
1616014480,ADA going to smash that ATH,5
1616014790,$hoge best time to buy the dip!!! ğŸš€ğŸš€ğŸš€,4
1616015389,Good time to buy Hoge,5
1615951316,"Feeling pretty confident bepro is going to work up again. Holding my 28,000 coins",5
1615955507,ITS TIME TO SHIINE ADA BOYSS,5
1616009106,GRUMPY just announced their first donation to charity + they are confirmed to be listed on Whitebit ASAP!,5
1615948280,things do get different when u have 50k+ to toss around....,2
1615950498,zrx is a silent sleeper right now....,2
1615950829,[removed],2
1615956296,"as previously mentioned..  hnt wednesday, enj thursday, everything friday...",2
1615957120,"if all yer money is already allocated, like between 5 coins, sell a little of the slow one for the one that is moving..",2
1615957396,"if you have $100 free, best thing is to get your current fav in $10 increments..  get $10, see what happens, get another $10, etc etc",2
1615957951,"so the drunk guy that cleared the hnt road ahead just said, ""wtf did I just do?"" then sold the farm lol..  luvin' it...",2
1615960934,"ok followers..  get yer enj now for thurs, and hnt for 2day..  the other stuff should go up as is",2
1615961627,"i use the ""67"" in both dollars and price cuz is my trademark...",2
1615962015,"hey whatever happened to those mana, btt, hoge, one,  shillers?",2
1615962984,please no more replies tonight..  i gotta crash with my daily 3%..  *winks*,2
1615963606,Pundi x about to blow ğŸ§ğŸ§ğŸ§ğŸ§,2
1615965220,"profit take at 9.67%..., trailing stop-loss at 7.67%.. target armed at 8.67%..  = always have a 1% gain no matter what..  set main stop-loss at even once over 5%",2
1615965958,[deleted],2
1615966172,Ahhh cardano my sweet child ğŸ¥º,2
1615966755,[deleted],2
1615967410,Anyone think STMX gonna dip soon?,2
1615968062,what's all that noise?  oops it's me buying yer hnt..  hehe,2
1615968185,$VRA and $CHZ â¤ï¸,2
1615969891,LOOK AT ZIL!,2
1615971293,"Thought mana was a good idea before bed so got involved, was at 0.88159 and now its 0.81964, think I have made a mistake",2
1615972821,"Even though everything is moving sideways, I'm still losing money little by little. FFS.",2
1615973866,ADA drives me crazy!,2
1615975034,HBAR: Hold or sell?,2
1615977552,CHSB will explode soon! ğŸš€,2
1615981077,FEH and SCAT are unstoppable.,2
1615982656,Wtf is going on with HOGE??,2
1615984447,What is the deal with STMX? Am I missing something?,2
1615985851,round of biden bucks possibly coming out today woooohoooo,2
1615986116,"Educated guesses for this week (and maybe till the next): ZIL, BLZ, NPXS, STMX, DREP Uneducated punts (good projects, though): VRA, BEPRO, HOT What do you guys think?",2
1615986143,What are youe guys predictions for ADA price spike after the coinbase listing ?,2
1615986489,Tried my luck with SNFT..,2
1615986666,Wtf is BAT,2
1615987605,"Anyone else buying $GRUMPY? It's in its early stages and has serious potential to multiply like HOGE did. Plus â€” it has a charity wallet that supports cat adoption! Only downside is the ETH gas fee cost, but it seems negligible once you start making big gains. I can see this one becoming the next big animal meme coin, perhaps even becoming listed on big exchanges alongside DOGE. If you buy millions of GRUMPY now, you could reap insane profits within the next few weeks.",2
1615987727,HOGE dip tasty.   The community is strong.  Will rebound. Meme coinery is gonna be a marathon after this initial sprint.,2
1615988749,"Shorting FIL from 0,74 Wish me luck",2
1615989684,What is going on with POODL?,2
1615991201,STMX hitting $0.04 before the dump. Hold the line peeps!,2
1615993645,Check the twitter announcement of BEPRO!,2
1615994166,CHZ ğŸŒ¶ spikes..,2
1615995337,I just heard a baby randomly crying out of nowhere.  It's a sign to go long BNB. Babies Never Bust. I'm long 100BNB from 251.28,2
1615995425,"i am buying $150 of stmx every day for the next 10 days. i want it to hit $0.07, at which point i will buy my mom a dirtbike",2
1615996151,what do you think of Ziliqa?,2
1615997097,"Given the fact that NFTs are exploding, you should really have an eye on FLOW. Much cheaper and usable for NFTs. NBA Top shots also runs on FLOW.",2
1615997373,Price prediction on ADA once listed on Coinbase???,2
1615998095,What platform are you buying CHz on?,2
1615998977,"$EDDA   This is about to explode, team said NFT Platform gonna launch next week followed by decentralized exchange and launchpad. New ecosystem with crosschain - ERC20, BSC and Polka.   Search for EDDASwap ! You won't regret it !",2
1615999715,WinK,2
1616000409,GRUMPY all day baby. Get in while itâ€™s low â¤ï¸,2
1616001184,What does everyone think Bitcoin will hit in the next few years?,2
1616001352,TODAY IS CHAMMPIONS !!  21 HS (EUROPA)  -  CHELSEA VS ATLETICO MADRID !   ATM 25% UP  ğŸš€ğŸš€  ğŸš€ğŸš€  ğŸš€ğŸš€  ğŸš€ğŸš€    CHZ 10 % UP  ğŸš€ğŸš€  ğŸš€ğŸš€  ğŸš€ğŸš€  ğŸš€ğŸš€  IS TODAAAAAAAAYYYY,2
1616001980,Xtz is flying ğŸš€ğŸš€,2
1616004789,Just loaded up on SKL. Looks to be itching to pop a stiffy,2
1616007019,OCEAN PROTOCOL  looks bullish,2
1616007508,do you know why bitcoin just went straight up ?,2
1616008794,$CHZ and $VRA looks perfect ğŸ˜,2
1616011721,Ren looks like a good buy on TAs,2
1616013054,"don't forget your HNT for tonight..  get some now and more when rally starts..  tomorrow keep eye on btc, if it doesnt hold 60 could be trouble..  friday we can re-love enj again regardless of overall market",2
1616015053,"DREP guys, like i said ğŸš€ğŸš€ğŸš€",2
1616015623,"I'm a firm believer in ADA, but with that being said ... what are my fellow ADA investors planning to do with this pump? Take out some profit or continue HODLing",2
1616016272,ADA God daamn that launch,2
1616016351,That massive stop-loss trigger on ADA at 22:23 might be the biggest one I've seen live so far,2
1616016480,really thought ada was breaking ath right there,2
1616016486,Bepro anyone? I bought in and am not seeing much movement,2
1616017466,Thinking of putting $500 short term in new coins already hold btc eth and ada looking for suggestions,2
1616017585,"CHZ canâ€™t shake resistance, guessing peeps are trying to recoup some losses",2
1616018065,"KONOMI, OMI, SHADOWS, and if you like snorting lines off strippers buttholes... HODL.",2
1616019621,IOTA is really delivering the past days! This will be the game changer in the IoT sector,2
1616022944,anyone here who made their money with FIL today? rises the whole day!,2
1616023163,Popping my $HOGE winnings into $DexKit!!! To the moon!!! [https://www.youtube.com/watch?v=F-t7WcD2Jf8](https://www.youtube.com/watch?v=F-t7WcD2Jf8),2
1616024562,I miss Feline Constipation. I thought ADA was supposed to be at like .02 right now.,2
1616028334,I'm like that one GME investor that everyone was calling crazy.  I'm slowly collecting thousands of Siacoin. I'll be laughing when it moons to $1,2
1616030997,congrats to those getting some gravy on the HNT train.  Love it when we really get together..  Now am I the only one starting to worry if btc can hold 60 tomorrow?,2
1616064809,"Great, I just joined them. I'm gonna make a call ... EFX is the next moonshot you'll find. I'm pretty sure you'll make high gains with it Check : http://effect.ai",2
1615994887,COMPLETELY UNRELATED: could you upvote this comment so I get more karma and can actually post some posts (another subreddit wont let me post until I have 100 karma),7
1615953189,Thoughts about STMX?,2
1615953530,"next 12hr winners (and maybe beyond) = hbar, vet, hnt, mana, and enj",3
1616000381,Hoge is picking up on volume,3
1616007595,"According to Etherscan:  SCAT - 715 holders GRUMPY - 4560 holders SHIBA - 16,347 holders   HOGE - 29,772 holders  Gives an idea of scale of each ...",2
1615944311,$POODL ğŸ”ŠğŸ”ŠğŸ”Š,2
1615947600,What did you guys do to STMX????,2
1615948185,"do u live by the minute here?  or 15, 30, or 1hr?  how about by the day?  best of all, the week?",2
1615948731,HODL RVN,2
1615948781,StormX and Stellar are my current picksğŸ’ğŸ™Œ,2
1615962794,"ok, just to please the masses,, go ""hoge"" (whatever that is and where to get it)...",2
1615988667,If you donâ€™t buy ONE in the coming days you will be left behind..,2
1615989234,"BAT! I always said it is undervalued, it should be worth at least $10",2
1615992031,I love it when a coin isnâ€™t getting shilled.  Thatâ€™s when I know itâ€™s about to take off!  $HOGE,2
1615995394," This Sad Cat is getting happier by the minute! $SCAT is the next rocket to freedom! **ğŸš€** **ğŸš€** Starting to get attention on social media and we are still below 1000 hodlers, but climbing fast by the second. I just got in one hour ago, and this is still early as you can see. Major potential to blow anytime! $SCAT is vailable on Uniswap and now listed on CoinGecko!",2
1616010873,GRUMPY. HOGE. POODL,2
1616020823," do not forget! if we can reach 1.48$ with ADA tomorrow, the next resistance point is on 1,78$!",2
1616021673,ZIL pumpamental 10am Singapure time. 3am central eu time.,2
1616026886,"I am excited about $GRUMPY. Got in two days ago, and have seen my investment go nearly x10 so far. It's a community driven token which redistributes 1% to all holders for each transaction of the token. The token focuses on charity for cats in need, and has already voted to make the first $80k donation to an animal shelter. Feels good knowing your crypto habit is helping animals too. No rug pull, audited already. Locked liquidity. Awesome community. Just bought more. Edit: people that want website link: http://grumpy.finance",2
1615949288,"What are your thoughts on $sparta? Spartan Protocol is supposed to be like the $rune and offers 100+ % APY for their liquidity pool on BNB, BUSD, etc. It's also releasing synthetic assets and spartanlending, probably this year. it only has a $60 million cap today and was only released recently. It was also mentioned by CZ in a Binance video. www.youtube.com/watch?time_continue=4610&v=8vg-6mMdHYo&feature=emb_logo Their website is also amazing! https://spartanprotocol.org/ Idk about you guys and gals out there but I'm sold on this gravy train!! Any reason why I shouldn't be? I'm.hoping for 10x from here as $Rune is much bigger at 1.3billion and it seems like it'll have more backing from BSC and features. https://www.reddit.com/r/SatoshiStreetBets/comments/m6fhhu/sparta_on_bsc_60million_cap_moonshot/?utm_medium=android_app&utm_source=share",2
1615998691,DOGE âœŠğŸ¿,1
1615951011,Fuck a meme coin.... get a real altcoins those actually moon not a pump and dump. BEPRO buy the dip tonight it will be at $.05 tomorrow and ENJ has a real back bone thatâ€™s why weâ€™ve seen it just start climbing ğŸš€ I mean 10x already bc Diamond hands ğŸ’,0
1615984465,Moonboys buying shitcoins that already went 10x this year LMAO.,1
1615944177,"mana now ready, working on hnt...",1
1615945172,MATIC ğŸš€ğŸš€ğŸš€ğŸš€ğŸš€,1
1615946309,dont get caught fomo..  take some matic profit now,1
1615946748,"Definitely feel like April is going to be MDX's month. No rocketism, no moonboyism, just good clean gains to be had.",1
1615962993,SCAT looks promising. Their community and admins are also very active.,1
1615967538,"So everyone was falling all over themselves about ONE, but now it's a washed-up has-been and ignored like that psycho girlfriend that you had to block...of course after I had already given her a call so now she's weighing me down.  FOMO'd again :(",1
1615973400,"All I wanted was a green Paddyâ€™s Day, is that too much to ask for",1
1615981908,Really thinking about getting my 15k from work and dropping it in crypto but I canâ€™t even get my 1k to climb atm however I think itâ€™s because I constantly move it Iâ€™m so conflicted because I really think I can make some serious coin,1
1615995235,SCAT is unstoppable.,1
1615998025,"#take DREP on sale before its to late, its gonna be explode in the next few days ğŸš€ğŸš€",1
1616018525,$SCAT looks like it's going to pop off. Literally the shittest coin ever,1
1616025975,XLM to watch big news coming,1
1615984240,"Just for fun, in the middle of 'corrections' that start to take more and more the shape of the 'corrections' of 2018. HOOOGE HOOOLD. Well, as of right now it is dying back to its level of some weeks ago, at light speed. I watched it to see what good could be found on Uniswap, and in fact there are all projects like that.  Basically, someone sold at market price Hoge, the price was divided by some thousands, close to 0, but just a bit over 0. Someone else panicks, and sell at market price, and again, it goes close to 0.  Why? Because the market was sustained by bots before. And now, it is going to go down to an absolute 0.0. The bots have securities and are the HFT bots, so they can react faster than any humans. They put buy/sell orders to manipulate the market up or down, and sell coins/tokens, so, many orders are in fact from bots to keep the price at a certain level. When someone in a high liquidity coin sells, they can absorb a little bit, price goes down a bit, but they still can keep with it. In a no-liquidity like Hoge, they just remove all their buy orders, and the price crashes, selling only to individuals that had orders in the book, not to the bots. Impressive, right ? People are very interested in coins like Hoge etc... They have an amazing potential of growth, according to them, up to 10000000000% Well, that's a market order for one of them. Hoge: It lose 99.999999999% of its value in a second, just because someone for sure placed a 'market' order. Combined with bots that sustain the sales/buys at fixed prices: [https://whitebit.com/trade/HOGE\_USDT](https://whitebit.com/trade/HOGE_USDT) The charts are bogus, they show 'up', they show 'down', they show 'big profit', because they are bot arranged. If anyone tries to sell at market price, there is not enough liquidity to sell, so it travels all the way through 0 ( yes 0 !!!! here, well not 0, but something like 0.0000000005). Note the wick of the poor guy that sold at 'market'. And the bots, that avoided spending any money, but are just here to keep the price artificially at a level, that reappear the second after to keep it at the preprogrammed price. Lesson learned, big gains on a computer screen does not mean real FIAT will ever exist to pay for them.",0
1615962434,"$SCAT   SAVE CATS , MAKE BANK .",0
1615985352,"And, as I always said, but people don't want to listen.  Most people say 'put your money in XXX or Hoge so it will go to the moon'. That is absolutely bullshit. When you 'put money in DOGE' or 'put money in HOGE or 'ADA', and HODL... You help your predecessor to have FIAT money against their coins, so they are very, very happy.  But the money you put DOES NOT EXIST ANYMORE.  For your coin/token to have value, you need to find or hope for someone, in the future, who pass to you more money than what you just 'invested', otherwise your coin/token is worth 0.0$",-3
1615996561,Guys if you wanna save cats you donâ€™t need blockchain tech you just do it. Careful with these schemes. PS: 1 upvote 1 koala saved,-1
1615943151,SLT woooo!,1
1615943376,"I thought cb pro was allowing ada deposits, but its not showing up on my app. Any1 else have this issue?",1
1615945350,"that doesnt mean sell 1 for the other, btw...",1
1615945611,Guys: [https://twitter.com/OriginProtocol/status/1371986549999611912](https://twitter.com/OriginProtocol/status/1371986549999611912) Buy low sell high alert,1
1615945802,$ONT gonna pump more than a 100%,1
1615946642,i set manual buy back on matic at 387,1
1615947179,"usually a fast run runs outta gas cuz there's only so many people playing atm, and then those people sell to put into something different = dips..  good-bye matic, hello hnt..  i am always a day ahead woot",1
1615948681,btc best performer last 24hrs..,1
1615948714,Good stuff is happening,1
1615951597,hnt coming to a theatre near u..,1
1615951779,"check out the 4hr chart...  higher lows, and higher highs...  https://www.binance.us/en/trade/hnt_USD",1
1615953006,"for those of you at home, risking $20 life savings, you can follow next 24hrs via 5min chart..  https://www.binance.us/en/trade/hnt_USD",1
1615953372,Proton. Check out the latest post https://www.reddit.com/r/ProtonChain/comments/m6rc03/the_nfts_are_here_on_proton/?utm_source=share&utm_medium=ios_app&utm_name=iossmf,1
1615953922,all my signals are green within a day..  otherwise i wouldnt still be here...,1
1615954354,"67 is my fav # cuz year i was born and my 1st car 67 mustang that mom bought for me in '85 for $2300 an then i wrecked it..  so, i love hnt at 6767, dont ask me why..",1
1615955567,"dont use stop losses, or gains..  do that manually....",1
1615955697,"someone just cleared da road ahead 4 hnt, ty..",1
1615956047,"i keep talking a day ahead of myself, but so is life..  get used to it = whatever i mention just watch for a few hours, then ""BAM""",1
1615956958,do a profit take (sell just a lil) at 10% then put that into whatever is trending (if yer a day trader)..,1
1615957275,and/or stock up on something special for 2mrrow..,1
1615957532,"for example, someone playing me right now on hnt, but i have no stop losses and yet more cash to dca....  woot!  :)",1
1615957721,$100 in POODL turned into $800 in a little over 48 hours so far.  Moving fast  Cautiously optimistic.,1
1615958110,6767,1
1615958414,and ty 2 all my commentors even if i cant tell what yer commenting on..  ;p,1
1615958523,recap= slowly gather hnt and enj (period),1
1615958810,The 5 better coins that I can invested in the app of crypto?,1
1615959126,"lol the ""across the pond"" friends are geting it...",1
1615959294,"i like to have a ""low volume"" mention at same time as a ""high volume""  mention..",1
1615959582,"accumulate..  take 10% off yer last winner, reinvest into today's new",1
1615959795,hnt 6767,1
1615960135,"got my hnt bag full at 67, next working enj bag at 25 or less...",1
1615961468,if u see a solo bid for $467.67 it's prolly mine...,1
1615962041,although mana is still a good buy,1
1615962474,bat and mana fighting for volume..  who will win?,1
1615963050,AUTO is up 20% ... reaching ATH of 13k+ by end of the month? It hasnâ€™t been around much,1
1615963479,"friendly reminder;  hnt 'luv' next 24hrs, then enj (again), then free 4 all friday..",1
1615963848,https://coinmarketcap.com/currencies/auto/,1
1615964140,"DDS is launching mainnet today. Super low cap, low coin numbers. A easy moon shot get in while you can... or donâ€™t.",1
1615964830,lol at zrx as my last 10hr winner...,1
1615965443,That's whats i thought.,1
1615966604,"hey guys if you like Peter Schiff you may like my Peter Schiff ""Schiff for Brains"" NFT check it out buy it if you like :)  https://opensea.io/assets/0x495f947276749ce646f68ac8c248420045cb7b5e/45510275790258888154352018316411106762873829791202859671152880205830434062337",1
1615966707,HBARRRRRRRR THAT LONG GREEN CANDLE OF HOPE,1
1615966988,https://www.binance.us/en/trade/hnt_USD,1
1615967816,DREP coin ğŸ‘ğŸ»,1
1615968222,Are NFTs dead or is the dip going to bounce back?,1
1615968299,"From VRA community: The competitor question has been put forward time and time again, theta and more.. We do not want to talk about non competitors. However I will say this, The platform has been ready for tournaments,but being upgraded at the same time with new features and also so that this year we can include the video player and ad stack for monetization. 8.6 million Views were done on a single tournament on ESFC last year :) It  has been actively used as well! This is a lot more than Theta did last year though, and donâ€™t forget the large Tier 1 Tournaments coming in 2021 for verasity. Theta with its huge marketcap could not even achieve 200k views on their tournament last year, while we did 8.6 million last year. This reiterates that they are non - competitors. Our competition is not crypto projects. Our competition is non crypto companies which is why we are the first truly hybrid company catering to both but with unique PoV blockchain tech. We will follow this path to growth and the rest will follow as day follows night. Our partners include Tencent Athena and Warmania. We have lots of different new games being added to ESFC continuously. Our partners are larger than any of our non - competitors.",1
1615968585,MEXC,1
1615969086,[deleted],1
1615970690,"Get in FEH, before itâ€™s too late! Itâ€™s the newest dog meme coin with a tiny mcapğŸš€",1
1615973891,Where can I buy phala from?,1
1615976354,Just cleared my ETH bags...also thinking of carrying a 80percent liquidity on my overall portfolio till it settles...indicators not looking bullish on btc or eth,1
1615976490,I have a spare $200... what should I put it on?,1
1615976885,"I've been using Telegram for over 3 years, I lack security in the bots that store my funds, and I don't trust them when it comes to my cryptocurrency. Many bots work mediocre, frightening away not with reliability. Could you recommend me a quality telegram bot to use as a crypto wallet? Maybe there are messengers similar to telegrams?",1
1615977789,If I had to all in in either ONE or MANA which one?,1
1615977864,Opinions on $RNDR?,1
1615978915,Opinions on BenderfinanceU22? small cap gem by the looks of it,1
1615979692,Where to buy TRAC?,1
1615979886,Is VITE next?,1
1615980550,CHSB probably still one of the most undervalued  and solid coins out there with enormous potential! Dynamic starting to heat up...,1
1615980639,"Any thoughts on SpankChain? I mean, itâ€™s porn, whats not to like?",1
1615980944,will BIFI boom?,1
1615983798,Guys..what's the gas fee like when transfer mana from binance wallet to decentraland?,1
1615984698,$PQT Low cap gem ğŸ’ğŸš€ğŸš€ğŸš€,1
1615985572,Wagerr is going crazy,1
1615985600,"Zil, currently the MVP of my wallet",1
1615987206,And  now it's .9974 hehe,1
1615988585,[CELR on sale](https://www.celer.network/),1
1615988859,anybody else looking at the SGT airdrop?,1
1615989440,Bat look weird af now,1
1615990217,BAT ğŸš€ğŸš€ğŸš€,1
1615990322,Thoughts on Audio?,1
1615991139,Saw a comment on /r siacoin by Siacoin devs that there's a correction coming that will increase the value to 4 cents in the next 15 days. Buy now that's a double profit increase.,1
1615991993,10x for LTO is inevitable - DYO,1
1615992455,Rally RLY is launching on KuCoin tomorrow. Thoughts?,1
1615992843,What's the difference between holding Chz on binance and on socios?,1
1615993450,Let it FLOW,1
1615993711,ONT IS RALLYING,1
1615994619,"I have a major migraine, should I buy TKY or JAR to help with the pain",1
1615995420,Been getting good results with Bogged,1
1615996545,[deleted],1
1615998959,What do you think will happen when Binance release BTCST?,1
1616001850,"Just listened to the new podcast that launched on Monday, Moonshot Monday. Three hot tips, well moonshots anyway.  Itâ€™s a weekly show. Take a listen here https://CryptoQuestion.tech/weekly-podcast/ They welcome feedback and suggestions.",1
1616002923,Civic??? up 15% in 24hrs,1
1616003263,ZRX starting its head its next ascent... God damn this hobby is stressful as shit.,1
1616003529,Whatâ€™s going on with QKC ğŸ™ƒ,1
1616003730,What are your guys price spike predictions for ADA when it gets listed tomorrow on Coinbase ?,1
1616003856,"the potential of $EFX is huge now, this is a real moonshot!)) I think that soon it will compete with the main giants of cryptocurrencies",1
1616006406,That is a good idea to have threads where we can discuss live market moves. Wonder if #EFX gets mentioned.,1
1616007871,"I think $EFX should be looked into. Great team, great fundamentals!",1
1616009241,Thank goodness we can finally recover from those Elon Musk tweets a few weeks ago,1
1616009653,Who are the smart ones? People who are selling ADA today or the ones that are buying it?,1
1616009749,Check out BNB why is Venus platform holding 600+ percent off all coins loool ğŸš€ğŸš€ğŸš€ğŸš€ğŸš€ğŸš€ğŸ¤²ğŸ¾ğŸ’.  No really why?ğŸ§,1
1616009942,A coin that may have allot of scope to rise considerably is Proton in my opinion. Can pick it up for under a cent (not for too much longer at current trend) and if the team of ex Apple and Google bods achieve their plan of making an accredited crypto bank then likely to rocket.,1
1616010422,Kai is about to pump hardddd,1
1616010660,Ctdg?! Potential to make ğŸ’°,1
1616011090,is track still a buy?,1
1616011632,ADA it's moving about 2-3 cents an hour. If it keeps up by tomorrow 9 AM would be $1.60 - $1.80,1
1616011712,MITH was a Interesting catch the last few days and trading its ups and downs. But now I keep my stack... Think it's pretty low priced with .057,1
1616012363,Anybody else have Binance not allowing them to purchase One right now? Their system down?,1
1616012722,"Has anyone seen PAINT ?  Picked up a small bag today, seems like a really interesting project. If a famous artist or celeb does a painting there I think it may do well.  https://murall.art/faq https://coinmarketcap.com/currencies/murall/",1
1616013140,Pivx getting ready,1
1616013756,BRUH $Drep is Flying ğŸš€ğŸš€ğŸš€,1
1616014198,Any opinions on $XEND / Xend Finance ? They are supposed to have a public sale @ Balancer @ March 24.,1
1616014254,when you buy a token on Uniswap with ETH where is it stored?,1
1616014906,KuCoin users any tip on what's good short term?,1
1616015657,[deleted],1
1616016028,"Another meme coin community is growing - https://www.reddit.com/r/ChueyCoin/ Feel free to hop in and ask us any questions, still only 210 holders!",1
1616019646,AKITA INU THE NEXT MEME! .000000003,1
1616020620,[deleted],1
1616021692,what are your guys thoughts on buying ETC?,1
1616022461,Dexkit about to moon https://www.coingecko.com/en/coins/dexkit Low market cap gem so its got a lot of room ğŸ”¥ğŸ”¥ğŸ”¥,1
1616022500,"Can I get some advice one BCH whatâ€™s itâ€™s project, why does it get negativity on here???",1
1616022530,Just saw a few youtubers on Dexkit Here comes the moooooney!!!,1
1616022710,Anyone know the BNK token? by bankera. Its value is on the ground.,1
1616024012,$DONUT be pampin.,1
1616024967,"Bless the friend who convinced me to check out Brave and BAT (check price surge) , as well EFX Effect Force.",1
1616025662,Need BAT to keep pumping lol. Got in at .83c,1
1616026908,$DexKit up +100% let's gooooo!!!,1
1616027097,Any info on xrp /ripple trading again in the US?,1
1616028729,is BTC touching ATHs again mean alt-season is delayed?,1
1616029023,$sparta about to moon,1
1616029276,"Thoughts on WINk?  WINk is a decentralised DApp platform that is focused on gaming, betting and various casino based games. WINkâ€™s three core principles are transparency, fairness and wealth distribution.",1
1616030105,What do you think of NU? Is it a diamond in the rough? Or a POS?,1
1616053099,"Congratulations of your aboard the $EFX train, I reckon anything a Dollar ğŸ’µ is a steal ğŸš…",1
1616054479,ret Å•trrrÃ¾tr,1
1616054598,I would like to see you guys cover small cap cryptos like EFX and BAND,1
1616058772,Support #EFX and team to the moon,1
1616061377,Look into EFX and BEPRO! Small cap but huge potential for gain!,1
1616080343,Yes! we all going to ride EFX to the moon! ğŸš€ğŸš€ğŸš€,1
1616090876,So on Binance ADA hit a HIGH of 1.47299.  On Coinbase opened at 1.6551 and hit a high of 1.8800. A 41 cent difference in valuation highs. When Coinbase ADA was spiking to 1.88 ADA was shorting all the way down to 1.29.  Literally at the same time. The exchanges should explain this.,1
1616135556,\#EFX is the best project #Kucoin,1
1616349207,"Market is dumping today.  I see it going up Monday, but Bitcoin Futures expiration is this Friday.  Judging from history, there could be another dump Wednesday.  So, I'm going to wait until then before deciding to buy anymore.",1
1616472774,Has anyone done any research on EFX? It has been gaining a lot of momentum. I got some bags on kucoin.,1
1616512620,with $EFX we will finally have a #crypto that you earn with real work and is not overhyped,1
1616527037,"In my opinion the best candidates for huge gains are XLM, EFX, DASH, VET and ZIL.",1
1616645715,"When we are lining up for huge gains, I found ADA, EFX, CHZ. EFX tops my priority anyway.",1
1616007694,I got super lucky buying the Hoge dip this morning! Already tripled my money. Should I hold or take the money and run?,-3
1615945952,i just took a tad of matic profit and re-invested into hnt..  seriously,-1
1615943728,"What are your thoughts on $sparta? Spartan Protocol is supposed to be like the $rune and offers 100+ % APY for their liquidity pool on BNB, BUSD, etc. It's also releasing synthetic assets and spartanlending, probably this year. it only has a $60 million cap today and was only released recently. It was also mentioned by CZ in a Binance video. www.youtube.com/watch?time_continue=4610&v=8vg-6mMdHYo&feature=emb_logo Their website is also amazing! https://spartanprotocol.org/ Idk about you guys and gals out there but I'm sold on this gravy train!! Any reason why I shouldn't be? I'm.hoping for 10x from here as $Rune is much bigger at 1.3billion and it seems like it'll have more backing from BSC and features. https://www.reddit.com/r/SatoshiStreetBets/comments/m6fhhu/sparta_on_bsc_60million_cap_moonshot/?utm_medium=android_app&utm_source=share",0
1615944668,"so i accumulated my mana for the day at 888, now hnt around 693, and tomorrow enj at 250...  then we rock them in that order rest of week...",0
1615944989,$sparta,0
1615945315,What does everyone think Pundi X will hit in the next few years?,0
1615945692,"matic is fastest mover this hour, but dont read much into that",0
1615946647,$sparta,0
1615947087,Did anyone follow me into $WOZX? Absolute beast. Doubled in the past month and still isnâ€™t listed on a major exchange. Just imagine when Binance and/or Coinbase pick this up. Wozniak/Apple connection and focused on green initiatives. Homerun. I expect we see $10 by the end of April. Would love help to make that happen in March,0
1615950855,RAIN if you need a real moonshot.  On Uni.,0
1615951959,let's break 80 tomorrow night on hnt (which is only 5% of my total holdings)....,0
1615952431,think ahead...,0
1615952629,"i have ""high volume"" favorites, and I have ""low volume"" favorites...  sadly this thread is more about ""low volume"" favorites, thus, go Helium wireless iot whatever, hnt...  :)",0
1615952762,Thought about selling Hoge yesterday morning. Cashed out a quarter of my holdings yesterday evening. Watched the plummet today with regret that I didnâ€™t sell more.,0
1615955150,"fyi i am not all about a bunch of Mexicans disrupting society,  not that i am prejudice, but this hnt helium thing seems kinda cool for those that had faith in iota years ago...",0
1615956276,COTI next ğŸš€,0
1615956278,BECOME A TRILLIONAIRE! BUY TRDG!!,0
1615958223,"let's not forget, i have some haters, but i am still here (and green), whereas they are not....",0
1615958825,'merge' all of today's buys into 1 to determine yer day's dca..  also use free week of 'paper' trading at cryptohopper.com (trial with fake money),0
1615960178,[removed],0
1615969109,Holo Hot is on Fire.... it will raise again.... up to 300 % and moor ...,0
1615971343,[deleted],0
1615975457,Buy FEH finance on Pancakeswap! New coin (only 100k market cap). Easy 10x.,0
1616002454,Check out DentWireless (DENT). Might be a good candidate to put into portfolio. ğŸ˜‰   [https://coinmarketcap.com/currencies/dent/onchain-analysis/](https://coinmarketcap.com/currencies/dent/onchain-analysis/),0
1616004839,So what's with Scat? Is this real or not. Went in with some money. I did great the last two days. But i still don't really now. Is there anybody else in it?,0
1616013812,is dred too late to buy?,0
1616022154,"i could care less, but fck it, here's your golden nugget: safestar get in during the dip",0
1615976687,And buying whatâ€™s on sale while drunk going â€œehh fuck itâ€,5
1615947936,"thats what they all say, or ""when listed on coinbase""..",1
1615948100,no need to say anything  ;),4
1615951866,will it tho,2
1616010475,every 20sec!ğŸ¤£ğŸ¤ª,3
1616010716,Today yes,2
1616007739,give it about a few more hours till its properly listed on CBPro. And when it lists in basic CB.,3
1616011067, why marry? do you want to lose all your earned money again?,3
1616014715,go ADA go!,5
1616026587,What sort of a herb have you just smoked my friend?  I want some!,2
1615946322,Still early. The trade volume is incredible.. very promising.,8
1615949453,How many fuckin lines have you done bro? Do one for me.,11
1615949494,i have all kinds of buys in 20% lower than today's prices...,1
1615949765,oh gawd...,2
1615950519,You mean DOGE ğŸ•ğŸš€,1
1615985718,"Of course it is, I sold it 11 minutes ago",3
1615986554,CHZ ğŸ”¥ğŸ”¥,3
1615994909,"And still half the targeted price smh. People are sleep on it. Depending on how well itâ€™s been performing, itâ€™s going for a killğŸ”¥ğŸ”¥ğŸ”¥",2
1615999895,Finally,2
1616000933,Letâ€™s crack .15 ğŸ˜±ğŸ¤ª,5
1616008121,Mana has become my new woman,2
1616015439, I hope this time it stays that way!,2
1616019152,In 15 hours it's onnn!,3
1615946822,Need eth to swap or can i swapi it for any other?,2
1615946560,r/GrumpyCatFinance,8
1615945562,"GrumpyCatFinance, think it's really blowing up.",7
1615949409,"Yeah, MDX is definitely worth taking a look at. Mandala is the first exchange using Binance Cloud. And, there's a roadmap for new features so there's plenty of room for growth. I like how it's protected by Binance SAFU too.",1
1615949571,"enjoy yer $20, dont spend all in 1 place..",3
1615951446,I'm right there with ya,2
1615975969,ğŸ’ğŸ‘,2
1616000618,it will be back. itâ€™s long term investment for me,2
1615982727,CHZ,3
1615982717,BOTH,2
1615984589,"I got some Matic, just HODL them for the long run",2
1615987919,Yep Mana is making a crack at the .1,2
1615995990,Damn....yur right. Haha nice. I knew this was a hidden gem. Still undervalued,2
1616008366,"Swapped most of mine for ADA, no regrets ... will be keeping future brave rewards in BAT though!",2
1615990706,ADA and mana pumping up,3
1615995851,"Have a look at the top alt coins from the previous bull cycle.....oh they are gone! Just make sure you stack some satoshis. Everyone can trade in a bull market, itâ€™s basically swapping a profitable coin for an even more profitable coin. Overnight all your alt coin profits may be gone and they will never come back. The ones that are laughing in 2025 are the whole coiners.",3
1615993818,"There will be 2 pump stages coming for ADA: 1. The Coinbase Pro listing tomorrow - this will be a shorter, small boost in preparation for... 2. The main Coinbase listing that follows - this will be a much larger, prolonged boost that I think will produce a $2 ADA price at it's peak, before I think settling in the $1.50 range. Just my prediction.",4
1616004696,"My rule of thumb... If it's showing as the biggest gainer on coinbase, I don't buy. Cos it's almost guaranteed to drop once I'm in.... Now I try not to buy when things are at an ATH... Make more money that way... ğŸ¤£ğŸ¤£ğŸ¤£",3
1616013932,Waiting for the news to come out...I have a small bag of SFP as well,2
1616018064,Mornin from Straya !,2
1616019116,I did..short for now..6000 or so..,2
1616020263,i am putting in $150 a day for the next ten days,2
1616024089,Really liking how this is picking up heat ğŸ”¥,2
1616029276,"It's been creeping all night (I'm in australia), USA kept her humming while I slept (yes safe enough to sleep on with that tt beautiful dip), we are supporting her while los Americanos get some shut eye, then when she lists on 14 hours or so, kaboom.",2
1616016304,aaaand it goes down!,3
1615944270,cant go wrong with my ole bnb..  i use it now as a savings acct/usd alternative,1
1615957740,Ada to be listed on coinbase on Thursday,3
1615961354,"Tomorrow I heard getting listed on coinbase pro ( heard it in this thread earlier this morning ) also Heard in the same post there is an announcement tomorrow, idk how true this is but I havenâ€™t researched",3
1615963430,"only 3500 hodlers if my etherscan is correct on grumpy.  compared to 16,000 on shib, 29,000 on hoge. FEG has 7000 so tempted to feed some gorillas too.",2
1615964493,Would love to buy some off uniswap. But these damn  ETH gas fees! FML,2
1615974259, I bought chz at $ 0.11 and sold it at $ 0.25. after that i bought back at $ 0.61 and am losing more money every day!,2
1615975588,Itâ€™s on clearance ğŸ¤·ğŸ¼â€â™‚ï¸,2
1615981303,"Right there with you, patiently waiting for one of those violent craters",2
1615985001,"Great, now pull the plug... Because it is 6578$ as you can read on your computer screen. Which does NOT mean it is worth that in FIAT or USDT. Heard of Hoge? Look at its last minutes: [https://whitebit.com/trade/HOGE\_USDT](https://whitebit.com/trade/HOGE_USDT) Mightily it could go again up a bit, so some bigger whales can sell and dump the whole shit of it, but it will not go 'really up' Those tokens with massive profit are booby taps for people who think they will go up AGAIN. Where, the pump has been done at the time you heard about them. People are enthusiastic, massive profit, they join in for the... dump. Stay away from any of those 'tokens'. That's why I always said that Cake etc... won't last long. Hacks, rugs, or simply whales that pump the price and dump all after a while, it is even less controlled than the mainstream alts.",6
1615985301,Itâ€™s correcting it will be back up,4
1615986538,Many are,2
1615989035,MANA is such a champ. never lets me down (:,3
1615988260,I love seeing how mana bounces back. It's pretty powerful to me. The mana was the food given to hebrews in exodusğŸ¤”,2
1615990768,Let's go CHZ!,2
1615991261,"Yep, they already pre-announced that yesterday. I already stacked both, but it's not too late to add some VeThor and VET to your portfolio. Absolutely no shitcoins!!!!",3
1616010641,Anything I buy.  I'll post buy alerts for you. ğŸ¤¦â€â™‚ï¸,3
1616004870,"Yeah, HOGE is a sure bet.",1
1616008896,Grayscale added  Filecoin BAT Chainlink MANA and Livepeer trusts,3
1616010486,It's always the one you didn't buy ğŸ˜­ğŸ˜­ğŸ˜­,3
1616011096,"No STMX?  Man, I've cleaned house on that, VRA also.",3
1616011294,BEPRO is where itâ€™s at,3
1616014399,i just sold mine per bot suggestion..,2
1616027658,Should make some serious numbers this year,2
1616026623,Appears to be with CB listing and hopeful Africa announcement.,3
1616029571,"High right now ? Hahaha Zoom your chart out, it's a staircase just moving on from the two bit wannabes that sold for their ten bucks profit over the last two weeks. That's why paperhanders live off noodles, and hodlers drive lambos. That's a stock standard dip ... it ain't high, it's lower than it was two weeks ago.",2
1615961150,"Must have bagged a tendie at some stage because there's surely a few white lines going down there! That being said, Mana is a good buy right about now (could dip a bit more, but based off recent sales it should be at or close to bottom now for buying), ADA is  doing ok in the great crash of March 2021 haha, and most of the others are mentioned are just adjusting for rise (and the fiddy buck kids are bailing in terror). Good time to buy for most of the options she lists (ADA, ONE, VET, and especially MANA) but yeah what's the go With the three thousand posts a second ?! XRP has been quite handy over the last 24 hours (probs due to settling all their lawsuits fu@k you Debbie), so not bad picks, but one post an hour would be sufficient.",3
1615960268,Ok Sheila annoyed me at first but then I actually started paying attention and we should be thankful... homie seems to know some stuffs,1
1615959194,wtf? if ur not an idiot you would actually take note of what sheila is saying.,0
1615957060,Its goin fuckin bananas rn.,6
1615959462,Do it for the kitties,3
1615981076,Yes ADA will be fun today !,4
1615983440,"There will be massive dumping as well from the 1,45 USD bag holders and speculative buyers. Make a quick gain and get the hell out again! Don't forget, it's only a listing on an exchange, not something fundamental changing with the coin itself. Ride the wave and jump out before it's spitting you out again!",3
1615980453,"Sorry not tomorow, but today 9am pacific time",2
1616014987,Looks more like a dump.,0
1615951949,Oh it definitely will.,2
1615949329,"Hoge, Grumpy, POODL have all my money right now lol",6
1615948320,ty bnb,1
1615950840,when the imposter is sus!,1
1615961400,Werenâ€™t you saying this about MANA all night..?,2
1615962433,U donâ€™t lyk Hoge?? Curious y,1
1615964141,"If you missed out on $HOGE , Check out sadCat ($SCAT) .  Listed on Coingecko , available on uniswap",-1
1615973086,Cardano making everyone else kneel and stepping all over them right now.,2
1615967793,Probably not right away because of the stimulus checks all releasing today from big banks like Wells Fargo chase and Bank of America should be a big move today,2
1615973047,"No you didn't, just watch it grow over the next few weeks.",3
1615975464,Hodl,4
1615984304,"Ponzi scheme and fake exchange rate. [https://whitebit.com/trade/HOGE\_USDT](https://whitebit.com/trade/HOGE_USDT) Look when someone sells at market price. Bots cancel their orders, remains only the individual idiots who really buy, and it shows that there is no liquidity at all on that market. It can go up to 1000$, there won't be anyone to pay for it.",2
1615986556,HUGE - 25% at least,1
1615986874,A sleeping giant,4
1615986915,I earn it while i reddit,3
1615990027,Get Brave browser!!!! Best browser by far,2
1615987860,100 trillion coins will make it pretty difficult for a real price increase... I'd rather go with $SCAT since it's deflationary and already showing promise!,2
1615995642,"You had me at the beginning, you won my heart with the end",5
1615997779,"Not sure, but CHZ ğŸŒ¶ will be double the price itâ€™s @ rn. If it gets past 0.6+ it will be flying",4
1615997698,"Was about to ask the same, i've seen ppl floating 2$, but is it realistic?",2
1615997959," in one hour it holds 1.24 for 24 hours! so the mark of $ 1.17 was not undercut, so that, according to fibronachi, the next mark is at $ 1.48!",2
1615998453,Binance,2
1615998988,"Imagine a tokenized cross platform optionally private vault, eliminating the need for anonymous tokens. Check out the COVAL (Circuits Of Value) and EmblemVault project. Insane opportunity, since the vaults allow you to store cryptocurrencies from multiple chains within an 'EmblemVault', which is a NFT. This is for example the 1st Emblem Vault: https://emblem.finance/nft?id=327289.",2
1616001285,Anything between 0$ and 1000000$. I'm hoping for the latter ğŸ˜ƒ.,4
1616001220,Upwards of 100K easy.,4
1616001566,Iâ€™m telling you! Once itâ€™s past the resistance level of 0.6+ if you are not on board you wonâ€™t be catching this CHZ flight ğŸ”¥ğŸ”¥,4
1616007665,everything looks bullish atm lol,2
1616007581,Stimulus? Morgan Stanley's announcement?,2
1616010565,"Love me some VRA, that stuffs gonna get me some new shoes",2
1616012206,"Renâ€™s low price is to me one of the big crypto mysteries. Iâ€™m still holding a bag as I believe they will come good before the summer, but itâ€™s been pretty much dead for a month now. Absolutely brilliant for inter blockchain liquidity access, no clue why itâ€™s not around 3 USD.",3
1616015773,ğŸ’ğŸ‘,5
1616015759,"hold at first, becouse tomorrow it will list on coinbase!",3
1616016251,I have some I bought at 0.5 but thats more for the long run so I'll be keeping it. I bought another bunch at a lot higher than that but that's for short term gains and I'll be selling that tomorrow.,2
1616018032,"Holding, selling is for short change chumps looking for fiddy dollar.",2
1616027630,Ainâ€™t selling shit for a looooooooong time,2
1616017979,Because it already moved ALOT.,2
1616021060,"It will move again, bepatient",2
1616017723,Enjin,5
1616018444,XLM,6
1616017554,"HNT & VET for short term, at least",2
1616018430,GRT,2
1616018453,LTC,2
1616017958,damned thing rocketed like a meme coin.  if anything good time to buy.,4
1616020900,"Nah, it will rocket ğŸš€from no where at some point. If youâ€™ve been observing CHZ you will understand. This crypto buddy!",3
1616025119,"Doesn't list for another 14 hours or so so no, I don't know why you would think that. Time is your friend, if you want five mins gains just go to a casino and put it all on black.",3
1615995456,nah,5
1615953314,I think its about to blast off and im pissed im not in it....,3
1615955116,About to go crazy,3
1615955465,To the Moon! 10 cents,3
1615954992,I really hope HBAR hits .50,2
1616000427,Hoge took a fat dump on my face,2
1615947966,lol grasshopper,1
1615948873,"I used to be a 1hr guy, but I've found that 1 day makes me feel a lot better.  I zoom out to 1 week whenever I start to get worried.",3
1615949614,"we will re-rock that soon, no worries",3
1615992689,HOGE is dead.,-2
1616017893,No love for SHIB lately and one of the few with something interesting coming up with Shiba swap.,1
1615957507,Why 10x when you can 100x with $GRUMPY,5
1615952313,Hope your right on Bepro. Letâ€™s go Bepro letâ€™s go !!,2
1615951918,Wtf is a meme coin?,1
1615985256,"Please, no personal attacks.",3
1615967788,"One is awesome, she's just having a rest.",3
1615973016,One is more of a long term play I think. It's still 3x over like a week and a half ago.,2
1616026271,Is this the Ada Africa thing?,2
1616026418,"Stop pretending like you have some insider information or something, shits cringe as hell. Just say it if you have something to contribute.",2
1615962919,How many will we save today?,2
1615991084,"However, this is true for any tradable asset. If the asset is easily tradable, it is liquid. The market maker is responsible for liquidity in the market. So if an asset has suddenly become worthless, it is likely that they are not only selectively affected, but a class of these assets.",2
1615952680,"I am worried, volume is dropping off, is matic over?",1
1615960186,Monero grants you to send and receive Moneros without your transactions being revealed on the blockchain. It is a very useful feature. use monero to get the features.,2
1615961433,You mean the kiwis?,1
1615959377,"thus, hnt and enj today...",1
1615959908,not that the 4th digit means anything...,1
1615962585,"Mana is a very good buy, correct... Now lay off the lines ! ;) haha",2
1615966717,Ahoy fuckouttahereschmuck! Nay bad but me wasn't convinced. Give this a sail: HBARRRRRRRR THAT LONG GREEN CANDLE O' HOPE,2
1615969369,big discount on WAXP right now.  also have some interesting tokenomics for staking and earning eth.  not tried that yet however.,1
1615973807,Dude you called mana still going down you calling hnt made no moves yet,2
1615985090,"Wait to see if there is a correction that is 'ended' or if it is the beginning of 2018:The return before putting any money in any coins as of now. They might well go down much, much deeper.",3
1615976548,Harmony ONE,2
1615976689,I would wait for the market to decide where it's going and then take a position...your decision at the end,2
1615976863,"Mana in a big dip, good price to buy. ADA, XRP and VET all slowly inching up. Luna and XLM holding steady ready for a pump.",2
1615977636,CHSB! True ğŸ’,2
1615980998,ENJ,2
1615978561,"Mana, it is in quite a large dip, not really much to do except to go up. One is awesome, but needs to rectify a little before more high growth.",2
1615979314,One is also on a big dip,2
1615980869,ADA or CHZ. ENJ â˜ï¸,2
1615979414,BiFi will sonic BOOM,1
1615981534,Kukoin,2
1615986970,Binance has a page with all the withdrawal fees,1
1615990834,"Just sold all my BAT I was holding since November (big bag!). Shed a little tear but 1,25 USD was just too good not to let her go. I'm sorry love, I'll get you back sometime....",2
1615994421,Care to link that comment.  Because I can't seem to locate this anywhere officially.,2
1616002439,Thatâ€™s a big ass supply,1
1616004081,"There is a meme floating around of a ""before and after crypto"" picture of the Microstrategy  CEO that's really funny.",1
1616004305,"Itâ€™s an interesting one, last week SKL and MATIC both listed on Coinbase Pro on the Thursday and initially there wasnâ€™t any real movement, however around 16 hours after that they were then launched on normal Coinbase and this is when they both spiked. SKL went from .61 to 1.24.  Iâ€™ll be waiting with my ADA to see if the Coinbase effect will be the same. Itâ€™s worth noting that ADA is much more well established and has a lot more resistance in front of it, on the last big push it struggled to break 1.50 before falling back.  My guess is anything between 1.50-2$ but hey itâ€™s crypto and could go anywhere including down ğŸ˜‚",5
1616003918,"I think after the main Coinbase listing (after the Pro listing) it will hit a peak at $2, then settle somewhere in the $1.50 area.",1
1616009955,that we will see tomorrow!,1
1616010753, yesterday i made a stupid mistake and sold CHZ to buy ADA. That was NOT smart!!! but it was going down and down and i got stupid panic!,1
1616012111,Would should could lmao,1
1616012133,I bet there is a good chunk of people on CBP looking at ADA yesterday and today who can't wait for tomorrow morning.,1
1616014849,can't even deposit right now stimmys got em bogged down,1
1616014338,I put an order and it didnt fill . now it went 20 percent higher,1
1616017817,The wallet you have connected to Uniswap.,1
1616030468,I donâ€™t see these two happening separately this bull run... I think everything is just gonna go nuts at once lol,2
1616032523,I feel that gaming platforms would rather make their own coin than adopt a new and share profits. They've got the money to do it. &#x200B; Edit: They also wouldn't want a universal coin because people taking profits to their competitors would be a problem.,1
1616008156,"The price didn't triple since any point this morning, how did that happen?",14
1615960949,Where can you purchase wozx?,1
1615956152,Buy low. This will be around for a while with plenty of gains to be had,2
1615961167,website or whitepaper or anything on this?  should at least be some colorful images to stimulate my brain.,1
1615971906, what time is it at your place?,1
1616003080,"So I checked their website, wanted to see, since they're a fully pay as you go provider with no monthly costs, what the rates were per call, per min, per text, per GB. None of it.  None of it listed there that I can see.  Not even a bit of it wrongly listed.  Just, not, listed. So, hard no.",1
1616005328,"Yep! Nice profit sofar and still going strong. Will probably pump for another couple of days. Easy money if you ask me, just donâ€™t push it too far. 10-20x and move on.",2
1616022774,is it in dip rn,1
1615948062,Well itâ€™s too early to say it wont happen,1
1615952443,Probably. You got FD7 ventures that just invested 250million in Ada. Ada is also now on bloomberg terminal. And on the 18-19 the African government deal is being finalized and they will talk more about it there. Also the creators of Aave and stellar will be at the African conference. Soooo yes this shit is gonna pump LOL,5
1616011516,Good point. She has a lot more than I have,2
1615955374,"You mean ""oh dawg!"" right?",3
1616000137,Looks promising Pretty low cap still,3
1616001034,Wouldnt that be nice!!!! I'm holding till 1$ anyway. Or 0.99 to be honest.,5
1616008760,Also a great Mexican rock group from Guadalajara,3
1616015548,I imagine it levels out at some point today and then explodes tomorrow after the listing,3
1615947456,It's just eth via Uniswap atm,2
1615945594,I just threw 1000$ at it ğŸ¥´,8
1616000906,It is long term of course but it dropped so quickly that i feel like even coin burning won't be enough to hit 300$ resistance.,2
1615994207,45 mins until ADA goes live on coinbase pro?,2
1616020673,"Damn, I guess at .03c it is worth a shot. Payday this week means Iâ€™m gonna throw some on it. Good luck with it sir hope that pays off 100X",3
1615961442,That would be Nice. More buyers,3
1615974596,"Apes everywhere ğŸ˜‚ğŸ’© but thanks, feel bad for you but also a little better for myself.",3
1615975735,ğŸ‘ŒğŸ» hope for a good risÃ©!!,4
1615985382,"I hope so, people keep on saying its a ""shit coin"" but i like the project and the partners they have i mean barca and madrid, isnt it crazy",3
1616027975,Was coinbase recently confirmed? Been holding ADA for a while now,2
1616027373,its pretty high rn so skeptical to buy but hearing a lot,1
1615959282,"You must be Sheilas other account. Meet me at the back of 4 square at 6pm for a 1 out, bring your mouth guard.",3
1615956277,It will. Same as HOGE. Not much can sustain that fast of growth without a bunch of sell offs. Holders should buy more and it will go back up.,2
1615950951,Was nice to grab some more HOGE on this dip.,3
1615951023,bro are you a bot,3
1615997778,I mean itâ€™s crypto so anything is possible. Market cap fairly low. Everything Iâ€™ve learned is itâ€™s a long hold. But for being ranked #3 out of hundreds. Has me about to throw big into it.,3
1615998618,"if we can hold it over 1.48$, the next step will be on 1,78 $",2
1616012853,And me some new cars ğŸ˜‚ğŸ˜‚,3
1616018525,ENJ party is friday night..  let it settle another day or 2 before re-accumulating..,3
1616002583,Did you buy at the ATH,2
1616002641,Volume is back over 20 mil,2
1615948529,Both of us ğŸ˜‰ğŸ˜‰,1
1615949358,exactly..  depends how much time u have in front of screen..,4
1615949732,Super cool ğŸ˜,1
1615993447,why do you say that,1
1616001908,Yeah not a pump and dump and not dead but I can see why youâ€™d think that.  Skepticism is a bitch.,1
1615985364,Are you a moonboy? I'm laughing at people wanting to buy coins that mooned already,-1
1615962241,"Thanks for the investment suggestion. I was searching for a good crypto coin for investment, I will use Monero for it.",2
1615960539,Lol hope ur right,1
1615970981,"Are you sure, bought before bed at 0.88159 and now its 0.81964 :(",2
1615976738,Thinking matic or harmony,3
1615980556,Its decided just not commited (people still only dipping toes) needs to come down a bit more in general for everyone to buy back in,1
1615978203,"200 on bitcoin, 100 on Harmony",2
1615980391,Yes get one but wait for 60s again its about to get listed on binance futures tomorrow (people would prob bet down short-term and up long term) it needs a healthy correction and i will buy if it does. Edit : 70 isnt bad price or 80 but will wait longer to be in profit,2
1615979409,And your chance of double or tripling your money is way better with ONE. with mana it would be extreme to double its price.,2
1615987011,Thanks...It's  20 manağŸ˜…ğŸ˜…ğŸ˜…,2
1615991845,Do you have room on your boat so we can cry together?,1
1615994579,Grayscale just opened a trust I think you may have some regrets,1
1615994971,"I saw it yesterday, I can find it today. Been looking for an hour.",1
1616003552,[deleted],1
1616005918,So the listing tomorrow is only on coinbase pro and not normal coinbase. Did i understand this right ?,1
1616006183,"....or a total inversion of the chart since crypto started, all compressed into a 2 hour timescale.... â˜ ï¸",1
1616011195,it will pay out. however it looks like you sold when it was down!,1
1616030695,[deleted],1
1616067276,"HBTC, Bithumb, Gate.io",1
1616003743,I know. But that does not count. It's Altcoins season. Look at MITH on GitHub. Nothing new since 3 years. But performs well. 85%+ in 7 days. Or Dogecoin. Development dead since years. Recently booming. ğŸ˜‰,1
1616004192,"Check out my website: www.cryptocim.net Take a look at my coinmarketcap watchlist, which I share. There you can see my selected coins. Very good profit since end February.",1
1616003969,"DENT could double the price easy. It's on ETH. So if Ethereum rises, DENT will ride the wave. ğŸ˜‰",0
1616023638,yes,1
1616001235,I conquer sir!,3
1615947661,It marks error :( you know what might be happening?,1
1616000989,we will see,2
1616020704,hang loose big dogg,2
1615974963,when stupidity strikes! one can only learn from mistakes!,3
1616036077,Yes released to or already full release tomorrow,2
1616027397,i have a small amount but thinking about getting more if all this hype is true,4
1615959886, wtf? if ur not an idiot you would actually take note of what sheila is saying.,1
1615950981,For sure. Party hasnâ€™t even started yet,3
1615952279,Dips every 5 mins at the moment :),1
1615951049,I am 100.0% sure that epic_gamer_4268 is a bot. --- ^(I am a neural network being trained to detect spammers | Summon me with !isbot <username> |) ^(/r/spambotdetector |) [^(Optout)](https://www.reddit.com/message/compose?to=whynotcollegeboard&subject=!optout&message=!optout) ^(|) [^(Original Github)](https://github.com/SM-Wistful/BotDetection-Algorithm),3
1615993511,The pump and dump scheme is over.,-1
1615985455,That was my attempted self-deprecating humor. We're all moonboys at heart.,5
1615974666,"If you want a quick gamble head to a casino. When a product is down in the chart, it's time to buy. If it dips to even half that, you bought too early, but it doesn't matter, your value is still there waiting for it to rise. But if you panic and pull out (which is what everyone here is wailing about) you increase the drop, and are not in for the rise. BTC  didn't get to where it is With out lows and highs ... But No one who pulled out when it was down made money. Those who held through the dips did. In fact those who bought more in those dips did very very well. See the charts, see how they look like stairs ? Up up up, down a bit, then up up up, then down a bit... very few have gone down down down and stayed there. Hence the war cry HODL !  Learn to do hold, buy in the dips, and you'll do well.",2
1615980668,Either is a good choice. Best to split money in 2 and drop the bags every few hour's or days in 25% increments to get best dca,1
1615992058,"Just had a boating accident, lost al my coins.... All five coins listed by Greyscale exploded. MANA will be back at ATH in no time and LINK has the biggest green candle of its career.",1
1615994821,That was the reason I was selling!!! It always peaks with such an announcement. Donâ€™t forget to take some profits every now and then. Iâ€™ve got my eyes on other coins for the next few months. BAT served me well and it was time to say goodbye,1
1615995035,I'm wondering if you're thinking of the skynet fork and all that stuff.,1
1616004073,Yeah.  Do you know like how many tardi gets burned a day. Like hoge of the hoge report to show that.,1
1616006228,Yes thatâ€™s right initially. Last week though the announcement for SKL and MATIC only mentioned Coinbase Pro but they both sneaked on to normal Coinbase quietly a few hours later so it might happen with ADA too. I think the biggest uplift will be seen once itâ€™s on normal Coinbase,1
1616011384,">it will pay out. however it looks like you sold when it was down! 0,49ğŸ˜ªğŸ˜­",1
1616032224,Lol maybe 500 into bigger coins 250 into smaller coins with some purpose then 250 for complete degenerate behavior .... also the sub .01 thing means nothing without looking at the market cap lol,2
1615947765,"I find slippage has to be 5%, I use Metamask and just connect it to the uniswap page. Possibly try closing and reopening your wallet, it should go through",3
1615949404,Slippage 5% and donâ€™t hit â€œmaxâ€ subtract the gas fee from ETH balance so it has sufficient funds,3
1616029425,I would definitely buy with simulas checks and it being listed into coinbase pro why wouldnâ€™t you. I see this going easy 2.10 or 2.20. Look at what happened when polka dot got listed on coinbase pro then two days later listed on reg coinbase and rose 3 dollars,2
1615995039,Personally I shaved of my initial buy and left the profits to grow thatâ€™s how I do alts then I donâ€™t get sick when they tank i canâ€™t figure out the charts and what I think are great projects can take forever to catch a wave,1
1615995171,Might be.,1
1615949433,"Got it, this was the problem thanks!",1
1615995410,"Good strategy. For me itâ€™s all about stacking BTC with alt profits, the BATBTC rate was good for me so I exited. Calculating in btc gives a slightly different strategy compared to measuring in USD. I hope BAT goes to the moon, but Iâ€™m moving on to some smaller caps.",1
1615996608,I made some mistakes earlier moving back into Bitcoin and buying back in at a higher price and eating profits but I learn a lot quicker when it costs me money,1
